{"providers":[{"type":"space","advances":{"\uE001":-1,"\uE002":-2}},{"type":"bitmap","file":"minecraft:customfont/player_head/pixel_h1.png","ascent":8,"height":8,"chars":["\uEff1"]},{"type":"bitmap","file":"minecraft:customfont/player_head/pixel_h2.png","ascent":8,"height":8,"chars":["\uEff2"]},{"type":"bitmap","file":"minecraft:customfont/player_head/pixel_h3.png","ascent":8,"height":8,"chars":["\uEff3"]},{"type":"bitmap","file":"minecraft:customfont/player_head/pixel_h4.png","ascent":8,"height":8,"chars":["\uEff4"]},{"type":"bitmap","file":"minecraft:customfont/player_head/pixel_h5.png","ascent":8,"height":8,"chars":["\uEff5"]},{"type":"bitmap","file":"minecraft:customfont/player_head/pixel_h6.png","ascent":8,"height":8,"chars":["\uEff6"]},{"type":"bitmap","file":"minecraft:customfont/player_head/pixel_h7.png","ascent":8,"height":8,"chars":["\uEff7"]},{"type":"bitmap","file":"minecraft:customfont/player_head/pixel_h8.png","ascent":8,"height":8,"chars":["\uEff8"]}]}